batch_id,breed_type,initial_stock,final_weight_kg,total_cost_naira,cost_per_kg_naira,mortality_rate_pct,fcr,operational_status
BATCH-2026-001,"Cobb 500",3619,9050.87,10560990.82,1166.85,0.86,1.53,OPTIMAL
BATCH-2026-002,"Ross 308",4037,9168.29,10990519.23,1198.75,0.87,1.71,OPTIMAL
BATCH-2026-003,"Cobb 500",1914,4625.76,2584457.45,558.71,1.72,1.58,OPTIMAL
BATCH-2026-004,"Hubbard Classic",1419,2973.59,5712395.01,1921.04,4.16,1.95,ALERT
BATCH-2026-005,"Hubbard Classic",4654,9605.99,7973017.90,830.00,0.58,2.00,ALERT
BATCH-2026-006,"Ross 308",3418,7520.28,4802088.01,638.55,1.20,1.90,ATTENTION
BATCH-2026-007,"Cobb 500",1122,2637.78,1748233.10,662.77,3.30,1.73,ALERT
BATCH-2026-008,"Hubbard Classic",1952,3925.12,3448758.87,878.64,1.84,2.01,ALERT
BATCH-2026-009,"Hubbard Classic",1108,2260.80,589662.98,260.82,2.89,1.93,ALERT
BATCH-2026-010,"Hubbard Classic",3932,8306.55,10691989.36,1287.18,0.64,1.86,ATTENTION
BATCH-2026-011,"Ross 308",3232,7332.19,8829186.59,1204.17,0.99,1.84,OPTIMAL
BATCH-2026-012,"Hubbard Classic",2839,5679.10,11813023.36,2080.09,0.95,2.08,ALERT
