log_date,batch_id,age_days,surviving_stock,mortality_count,feed_consumed_kg,total_weight_kg
2026-01-15,BATCH-2026-001,1,3618,1,81.68,522.49
2026-01-16,BATCH-2026-001,2,3618,0,93.84,578.76
2026-01-17,BATCH-2026-001,3,3615,3,105.92,642.42
2026-01-18,BATCH-2026-001,4,3615,0,118.07,715.45
2026-01-19,BATCH-2026-001,5,3614,1,130.19,798.2
2026-01-20,BATCH-2026-001,6,3613,1,142.3,891.96
2026-01-21,BATCH-2026-001,7,3613,0,154.45,998.16
2026-01-22,BATCH-2026-001,8,3613,0,166.6,1117.77
2026-01-23,BATCH-2026-001,9,3612,1,178.7,1251.66
2026-01-24,BATCH-2026-001,10,3610,2,190.74,1400.87
2026-01-25,BATCH-2026-001,11,3606,4,218.71,1543.15
2026-01-26,BATCH-2026-001,12,3604,2,214.66,1749.37
2026-01-27,BATCH-2026-001,13,3604,0,226.77,1952.25
2026-01-28,BATCH-2026-001,14,3603,1,238.82,2173.6
2026-01-29,BATCH-2026-001,15,3603,0,250.94,2414.69
2026-01-30,BATCH-2026-001,16,3602,1,262.98,2674.01
2026-01-31,BATCH-2026-001,17,3602,0,275.09,2952.22
2026-02-01,BATCH-2026-001,18,3602,0,287.2,3247.42
2026-02-02,BATCH-2026-001,19,3602,0,299.31,3557.85
2026-02-03,BATCH-2026-001,20,3600,2,311.25,3879.07
2026-02-04,BATCH-2026-001,21,3600,0,323.35,4212.45
2026-02-05,BATCH-2026-001,22,3599,1,335.37,4551.57
2026-02-06,BATCH-2026-001,23,3598,1,347.37,4894.09
2026-02-07,BATCH-2026-001,24,3598,0,359.47,5237.88
2026-02-08,BATCH-2026-001,25,3596,2,371.36,5574.98
2026-02-09,BATCH-2026-001,26,3595,1,383.34,5906.34
2026-02-10,BATCH-2026-001,27,3595,0,395.43,6229.08
2026-02-11,BATCH-2026-001,28,3594,1,407.4,6537.09
2026-02-12,BATCH-2026-001,29,3594,0,419.49,6831.64
2026-02-13,BATCH-2026-001,30,3594,0,431.57,7109.24
2026-02-14,BATCH-2026-001,31,3594,0,443.66,7368.64
2026-02-15,BATCH-2026-001,32,3594,0,455.74,7609.14
2026-02-16,BATCH-2026-001,33,3594,0,467.82,7830.47
2026-02-17,BATCH-2026-001,34,3593,1,479.77,8030.56
2026-02-18,BATCH-2026-001,35,3593,0,491.86,8214.31
2026-02-19,BATCH-2026-001,36,3592,1,503.8,8377.98
2026-02-20,BATCH-2026-001,37,3592,0,515.87,8527.14
2026-02-21,BATCH-2026-001,38,3592,0,527.95,8660.59
2026-02-22,BATCH-2026-001,39,3592,0,540.03,8779.51
2026-02-23,BATCH-2026-001,40,3591,1,551.95,8882.61
2026-02-24,BATCH-2026-001,41,3589,2,563.71,8971.02
2026-02-25,BATCH-2026-001,42,3588,1,575.62,9050.87
2026-02-04,BATCH-2026-002,1,4037,0,92.58,588.69
2026-02-05,BATCH-2026-002,2,4036,1,106.34,649.5
2026-02-06,BATCH-2026-002,3,4035,1,120.09,718.46
2026-02-07,BATCH-2026-002,4,4035,0,133.87,796.7
2026-02-08,BATCH-2026-002,5,4034,1,147.62,884.84
2026-02-09,BATCH-2026-002,6,4034,0,161.39,984.36
2026-02-10,BATCH-2026-002,7,4034,0,175.17,1096.13
2026-02-11,BATCH-2026-002,8,4032,2,188.86,1220.67
2026-02-12,BATCH-2026-002,9,4032,0,202.63,1360.22
2026-02-13,BATCH-2026-002,10,4032,0,216.4,1515.26
2026-02-14,BATCH-2026-002,11,4029,3,230.0,1685.51
2026-02-15,BATCH-2026-002,12,4029,0,243.76,1874.14
2026-02-16,BATCH-2026-002,13,4029,0,257.52,2080.64
2026-02-17,BATCH-2026-002,14,4028,1,271.21,2304.77
2026-02-18,BATCH-2026-002,15,4025,3,284.76,2545.76
2026-02-19,BATCH-2026-002,16,4025,0,298.5,2806.33
2026-02-20,BATCH-2026-002,17,4023,2,312.09,3082.46
2026-02-21,BATCH-2026-002,18,4023,0,325.83,3375.81
2026-02-22,BATCH-2026-002,19,4020,3,339.32,3680.55
2026-02-23,BATCH-2026-002,20,4019,1,352.96,3998.75
2026-02-24,BATCH-2026-002,21,4018,1,366.6,4326.16
2026-02-25,BATCH-2026-002,22,4017,1,380.23,4659.85
2026-02-26,BATCH-2026-002,23,4015,2,393.75,4995.41
2026-02-27,BATCH-2026-002,24,4015,0,407.46,5333.3
2026-02-28,BATCH-2026-002,25,4015,0,421.17,5667.9
2026-03-01,BATCH-2026-002,26,4013,2,467.39,5840.72
2026-03-02,BATCH-2026-002,27,4011,2,448.15,6308.57
2026-03-03,BATCH-2026-002,28,4011,0,461.85,6615.13
2026-03-04,BATCH-2026-002,29,4011,0,475.55,6907.61
2026-03-05,BATCH-2026-002,30,4009,2,489.01,7180.72
2026-03-06,BATCH-2026-002,31,4009,0,502.7,7440.25
2026-03-07,BATCH-2026-002,32,4008,1,516.26,7680.08
2026-03-08,BATCH-2026-002,33,4008,0,529.95,7903.61
2026-03-09,BATCH-2026-002,34,4008,0,543.64,8109.03
2026-03-10,BATCH-2026-002,35,4007,1,557.19,8294.61
2026-03-11,BATCH-2026-002,36,4004,3,570.45,8458.71
2026-03-12,BATCH-2026-002,37,4004,0,584.12,8612.68
2026-03-13,BATCH-2026-002,38,4002,2,597.5,8746.89
2026-03-14,BATCH-2026-002,39,4002,0,611.17,8871.04
2026-03-15,BATCH-2026-002,40,4002,0,624.83,8981.93
2026-03-16,BATCH-2026-002,41,4002,0,638.5,9080.65
2026-03-17,BATCH-2026-002,42,4002,0,652.17,9168.29
2026-02-24,BATCH-2026-003,1,1911,3,43.34,270.88
2026-02-25,BATCH-2026-003,2,1908,3,49.72,299.37
2026-02-26,BATCH-2026-003,3,1907,1,56.13,332.19
2026-02-27,BATCH-2026-003,4,1907,0,62.57,369.73
2026-02-28,BATCH-2026-003,5,1907,0,69.01,412.39
2026-03-01,BATCH-2026-003,6,1907,0,75.46,460.73
2026-03-02,BATCH-2026-003,7,1907,0,81.9,515.35
2026-03-03,BATCH-2026-003,8,1907,0,88.34,576.87
2026-03-04,BATCH-2026-003,9,1904,3,94.63,644.9
2026-03-05,BATCH-2026-003,10,1904,0,101.06,721.94
2026-03-06,BATCH-2026-003,11,1904,0,107.49,807.67
2026-03-07,BATCH-2026-003,12,1901,3,113.74,901.13
2026-03-08,BATCH-2026-003,13,1901,0,120.16,1005.42
2026-03-09,BATCH-2026-003,14,1901,0,126.59,1119.5
2026-03-10,BATCH-2026-003,15,1901,0,133.01,1243.47
2026-03-11,BATCH-2026-003,16,1901,0,139.43,1377.17
2026-03-12,BATCH-2026-003,17,1901,0,145.85,1520.26
2026-03-13,BATCH-2026-003,18,1901,0,152.27,1672.08
2026-03-14,BATCH-2026-003,19,1901,0,158.69,1831.74
2026-03-15,BATCH-2026-003,20,1899,2,164.94,1995.94
2026-03-16,BATCH-2026-003,21,1899,0,171.35,2167.31
2026-03-17,BATCH-2026-003,22,1899,0,177.77,2342.29
2026-03-18,BATCH-2026-003,23,1899,0,184.18,2519.1
2026-03-19,BATCH-2026-003,24,1899,0,190.6,2695.92
2026-03-20,BATCH-2026-003,25,1899,0,197.01,2870.9
2026-03-21,BATCH-2026-003,26,1898,1,203.32,3040.66
2026-03-22,BATCH-2026-003,27,1898,0,209.73,3206.71
2026-03-23,BATCH-2026-003,28,1898,0,216.14,3366.11
2026-03-24,BATCH-2026-003,29,1895,3,222.2,3512.14
2026-03-25,BATCH-2026-003,30,1895,0,228.6,3654.77
2026-03-26,BATCH-2026-003,31,1895,0,235.0,3788.05
2026-03-27,BATCH-2026-003,32,1893,2,241.15,3907.5
2026-03-28,BATCH-2026-003,33,1893,0,247.54,4021.1
2026-03-29,BATCH-2026-003,34,1892,1,253.8,4122.77
2026-03-30,BATCH-2026-003,35,1891,1,260.05,4214.83
2026-03-31,BATCH-2026-003,36,1884,7,282.22,4181.18
2026-04-01,BATCH-2026-003,37,1882,2,271.53,4355.66
2026-04-02,BATCH-2026-003,38,1882,0,277.88,4423.8
2026-04-03,BATCH-2026-003,39,1882,0,284.24,4484.51
2026-04-04,BATCH-2026-003,40,1881,1,290.44,4536.01
2026-04-05,BATCH-2026-003,41,1881,0,296.8,4583.69
2026-04-06,BATCH-2026-003,42,1881,0,303.15,4625.76
2026-03-16,BATCH-2026-004,1,1419,0,34.83,216.64
2026-03-17,BATCH-2026-004,2,1416,3,41.66,233.04
2026-03-18,BATCH-2026-004,3,1415,1,45.08,260.47
2026-03-19,BATCH-2026-004,4,1413,2,53.42,283.23
2026-03-20,BATCH-2026-004,5,1409,4,57.26,309.17
2026-03-21,BATCH-2026-004,6,1409,0,60.35,347.69
2026-03-22,BATCH-2026-004,7,1407,2,65.4,383.59
2026-03-23,BATCH-2026-004,8,1405,2,70.45,423.38
2026-03-24,BATCH-2026-004,9,1405,0,75.59,468.01
2026-03-25,BATCH-2026-004,10,1405,0,80.72,517.21
2026-03-26,BATCH-2026-004,11,1403,2,85.74,570.43
2026-03-27,BATCH-2026-004,12,1402,1,90.8,628.98
2026-03-28,BATCH-2026-004,13,1400,2,95.79,692.17
2026-03-29,BATCH-2026-004,14,1397,3,100.69,759.94
2026-03-30,BATCH-2026-004,15,1391,6,110.68,819.02
2026-03-31,BATCH-2026-004,16,1390,1,110.35,909.82
2026-04-01,BATCH-2026-004,17,1390,0,115.43,994.37
2026-04-02,BATCH-2026-004,18,1389,1,120.43,1082.96
2026-04-03,BATCH-2026-004,19,1389,0,125.51,1176.67
2026-04-04,BATCH-2026-004,20,1389,0,130.59,1274.28
2026-04-05,BATCH-2026-004,21,1389,0,135.67,1375.16
2026-04-06,BATCH-2026-004,22,1387,2,140.54,1476.48
2026-04-07,BATCH-2026-004,23,1386,1,145.51,1580.37
2026-04-08,BATCH-2026-004,24,1386,0,150.57,1686.23
2026-04-09,BATCH-2026-004,25,1385,1,155.53,1790.79
2026-04-10,BATCH-2026-004,26,1385,0,160.59,1895.67
2026-04-11,BATCH-2026-004,27,1384,1,165.54,1997.37
2026-04-12,BATCH-2026-004,28,1384,0,170.6,2097.9
2026-04-13,BATCH-2026-004,29,1384,0,175.66,2195.16
2026-04-14,BATCH-2026-004,30,1375,9,191.47,2225.2
2026-04-15,BATCH-2026-004,31,1375,0,184.57,2362.05
2026-04-16,BATCH-2026-004,32,1375,0,189.6,2445.69
2026-04-17,BATCH-2026-004,33,1375,0,194.62,2524.3
2026-04-18,BATCH-2026-004,34,1368,7,213.93,2542.46
2026-04-19,BATCH-2026-004,35,1367,1,203.49,2650.37
2026-04-20,BATCH-2026-004,36,1367,0,208.49,2712.94
2026-04-21,BATCH-2026-004,37,1365,2,213.17,2766.38
2026-04-22,BATCH-2026-004,38,1364,1,218.0,2816.81
2026-04-23,BATCH-2026-004,39,1362,2,222.66,2860.37
2026-04-24,BATCH-2026-004,40,1361,1,227.47,2901.5
2026-04-25,BATCH-2026-004,41,1360,1,232.28,2938.41
2026-04-26,BATCH-2026-004,42,1360,0,237.25,2973.59
2026-04-05,BATCH-2026-005,1,4654,0,113.18,683.57
2026-04-06,BATCH-2026-005,2,4654,0,130.03,748.88
2026-04-07,BATCH-2026-005,3,4654,0,146.89,822.22
2026-04-08,BATCH-2026-005,4,4653,1,163.71,904.22
2026-04-09,BATCH-2026-005,5,4653,0,180.56,996.14
2026-04-10,BATCH-2026-005,6,4652,1,197.37,1098.48
2026-04-11,BATCH-2026-005,7,4651,1,214.17,1212.36
2026-04-12,BATCH-2026-005,8,4650,1,230.97,1338.73
2026-04-13,BATCH-2026-005,9,4650,0,247.81,1478.83
2026-04-14,BATCH-2026-005,10,4649,1,264.6,1632.94
2026-04-15,BATCH-2026-005,11,4646,3,281.25,1801.36
2026-04-16,BATCH-2026-005,12,4646,0,298.08,1986.7
2026-04-17,BATCH-2026-005,13,4641,5,336.09,2147.22
2026-04-18,BATCH-2026-005,14,4641,0,331.38,2404.32
2026-04-19,BATCH-2026-005,15,4641,0,348.19,2639.38
2026-04-20,BATCH-2026-005,16,4641,0,365.0,2891.06
2026-04-21,BATCH-2026-005,17,4641,0,381.8,3158.86
2026-04-22,BATCH-2026-005,18,4639,2,398.44,3440.4
2026-04-23,BATCH-2026-005,19,4637,2,415.06,3735.67
2026-04-24,BATCH-2026-005,20,4637,0,431.86,4044.77
2026-04-25,BATCH-2026-005,21,4636,1,448.56,4363.31
2026-04-26,BATCH-2026-005,22,4636,0,465.35,4690.8
2026-04-27,BATCH-2026-005,23,4636,0,482.14,5023.83
2026-04-28,BATCH-2026-005,24,4636,0,498.93,5359.69
2026-04-29,BATCH-2026-005,25,4636,0,515.72,5695.54
2026-04-30,BATCH-2026-005,26,4635,1,532.4,6027.28
2026-05-01,BATCH-2026-005,27,4634,1,549.06,6353.33
2026-05-02,BATCH-2026-005,28,4634,0,565.85,6672.6
2026-05-03,BATCH-2026-005,29,4634,0,582.63,6981.5
2026-05-04,BATCH-2026-005,30,4632,2,599.16,7274.91
2026-05-05,BATCH-2026-005,31,4631,1,615.8,7555.76
2026-05-06,BATCH-2026-005,32,4631,0,632.57,7822.98
2026-05-07,BATCH-2026-005,33,4631,0,649.35,8074.12
2026-05-08,BATCH-2026-005,34,4631,0,666.12,8308.68
2026-05-09,BATCH-2026-005,35,4631,0,682.89,8526.45
2026-05-10,BATCH-2026-005,36,4629,2,699.36,8723.76
2026-05-11,BATCH-2026-005,37,4629,0,716.13,8908.42
2026-05-12,BATCH-2026-005,38,4629,0,732.89,9077.28
2026-05-13,BATCH-2026-005,39,4629,0,749.66,9231.04
2026-05-14,BATCH-2026-005,40,4629,0,766.42,9370.5
2026-05-15,BATCH-2026-005,41,4628,1,783.02,9494.51
2026-05-16,BATCH-2026-005,42,4627,1,799.61,9605.99
2026-04-25,BATCH-2026-006,1,3418,0,84.18,488.14
2026-04-26,BATCH-2026-006,2,3416,2,96.67,537.98
2026-04-27,BATCH-2026-006,3,3416,0,109.2,594.83
2026-04-28,BATCH-2026-006,4,3415,1,121.69,658.99
2026-04-29,BATCH-2026-006,5,3414,1,134.18,731.44
2026-04-30,BATCH-2026-006,6,3412,2,146.62,812.78
2026-05-01,BATCH-2026-006,7,3412,0,159.13,904.63
2026-05-02,BATCH-2026-006,8,3412,0,171.65,1007.47
2026-05-03,BATCH-2026-006,9,3411,1,184.11,1121.87
2026-05-04,BATCH-2026-006,10,3410,1,196.56,1248.94
2026-05-05,BATCH-2026-006,11,3407,3,208.89,1388.64
2026-05-06,BATCH-2026-006,12,3405,2,221.26,1542.71
2026-05-07,BATCH-2026-006,13,3404,1,233.68,1711.76
2026-05-08,BATCH-2026-006,14,3404,0,246.17,1896.21
2026-05-09,BATCH-2026-006,15,3404,0,258.65,2095.63
2026-05-10,BATCH-2026-006,16,3404,0,271.14,2309.73
2026-05-11,BATCH-2026-006,17,3404,0,283.63,2537.87
2026-05-12,BATCH-2026-006,18,3404,0,296.11,2779.03
2026-05-13,BATCH-2026-006,19,3404,0,308.6,3031.8
2026-05-14,BATCH-2026-006,20,3404,0,321.09,3294.4
2026-05-15,BATCH-2026-006,21,3404,0,333.57,3564.71
2026-05-16,BATCH-2026-006,22,3404,0,346.06,3840.32
2026-05-17,BATCH-2026-006,23,3399,5,372.33,4067.32
2026-05-18,BATCH-2026-006,24,3399,0,370.49,4390.5
2026-05-19,BATCH-2026-006,25,3399,0,382.96,4665.71
2026-05-20,BATCH-2026-006,26,3399,0,395.42,4935.62
2026-05-21,BATCH-2026-006,27,3398,1,407.77,5196.3
2026-05-22,BATCH-2026-006,28,3398,0,420.24,5448.63
2026-05-23,BATCH-2026-006,29,3397,1,432.57,5687.69
2026-05-24,BATCH-2026-006,30,3396,1,444.9,5913.62
2026-05-25,BATCH-2026-006,31,3392,4,491.27,6006.88
2026-05-26,BATCH-2026-006,32,3392,0,469.27,6318.72
2026-05-27,BATCH-2026-006,33,3392,0,481.71,6502.52
2026-05-28,BATCH-2026-006,34,3391,1,494.0,6669.46
2026-05-29,BATCH-2026-006,35,3390,1,506.29,6821.69
2026-05-30,BATCH-2026-006,36,3389,1,518.58,6959.73
2026-05-31,BATCH-2026-006,37,3388,1,530.85,7084.26
2026-06-01,BATCH-2026-006,38,3388,0,543.28,7198.18
2026-06-02,BATCH-2026-006,39,3387,1,555.54,7298.14
2026-06-03,BATCH-2026-006,40,3381,6,586.96,7276.25
2026-06-04,BATCH-2026-006,41,3378,3,578.85,7450.64
2026-06-05,BATCH-2026-006,42,3377,1,591.07,7520.28
2026-05-15,BATCH-2026-007,1,1119,3,27.17,157.3
2026-05-16,BATCH-2026-007,2,1118,1,31.19,173.9
2026-05-17,BATCH-2026-007,3,1118,0,35.24,193.01
2026-05-18,BATCH-2026-007,4,1117,1,39.25,214.57
2026-05-19,BATCH-2026-007,5,1115,2,43.21,238.84
2026-05-20,BATCH-2026-007,6,1115,0,47.24,266.77
2026-05-21,BATCH-2026-007,7,1115,0,51.27,298.34
2026-05-22,BATCH-2026-007,8,1114,1,55.26,333.59
2026-05-23,BATCH-2026-007,9,1114,0,59.29,373.46
2026-05-24,BATCH-2026-007,10,1114,0,63.32,418.01
2026-05-25,BATCH-2026-007,11,1113,1,67.28,467.17
2026-05-26,BATCH-2026-007,12,1111,2,71.18,521.05
2026-05-27,BATCH-2026-007,13,1108,3,79.95,563.33
2026-05-28,BATCH-2026-007,14,1108,0,79.0,645.45
2026-05-29,BATCH-2026-007,15,1107,1,82.94,716.21
2026-05-30,BATCH-2026-007,16,1107,0,86.94,793.17
2026-05-31,BATCH-2026-007,17,1107,0,90.94,875.52
2026-06-01,BATCH-2026-007,18,1106,1,94.86,962.04
2026-06-02,BATCH-2026-007,19,1106,0,98.86,1053.85
2026-06-03,BATCH-2026-007,20,1106,0,102.86,1149.49
2026-06-04,BATCH-2026-007,21,1105,1,106.77,1247.0
2026-06-05,BATCH-2026-007,22,1104,1,110.66,1346.42
2026-06-06,BATCH-2026-007,23,1104,0,114.66,1448.02
2026-06-07,BATCH-2026-007,24,1104,0,118.65,1549.62
2026-06-08,BATCH-2026-007,25,1104,0,122.64,1650.17
2026-06-09,BATCH-2026-007,26,1104,0,126.63,1748.64
2026-06-10,BATCH-2026-007,27,1104,0,130.63,1844.1
2026-06-11,BATCH-2026-007,28,1101,3,134.25,1930.48
2026-06-12,BATCH-2026-007,29,1101,0,138.24,2017.39
2026-06-13,BATCH-2026-007,30,1101,0,142.22,2099.3
2026-06-14,BATCH-2026-007,31,1095,6,150.1,2104.54
2026-06-15,BATCH-2026-007,32,1095,0,149.36,2234.56
2026-06-16,BATCH-2026-007,33,1093,2,153.05,2295.31
2026-06-17,BATCH-2026-007,34,1092,1,156.85,2352.42
2026-06-18,BATCH-2026-007,35,1092,0,160.8,2406.21
2026-06-19,BATCH-2026-007,36,1092,0,164.75,2454.8
2026-06-20,BATCH-2026-007,37,1089,3,168.24,2491.62
2026-06-21,BATCH-2026-007,38,1087,2,171.86,2525.94
2026-06-22,BATCH-2026-007,39,1087,0,175.79,2560.6
2026-06-23,BATCH-2026-007,40,1087,0,179.73,2591.37
2026-06-24,BATCH-2026-007,41,1087,0,183.66,2618.61
2026-06-25,BATCH-2026-007,42,1085,2,187.24,2637.78
2026-06-04,BATCH-2026-008,1,1952,0,46.6,283.89
2026-06-05,BATCH-2026-008,2,1951,1,53.51,310.75
2026-06-06,BATCH-2026-008,3,1951,0,60.45,341.08
2026-06-07,BATCH-2026-008,4,1951,0,67.38,375.08
2026-06-08,BATCH-2026-008,5,1951,0,74.32,413.1
2026-06-09,BATCH-2026-008,6,1951,0,81.26,455.53
2026-06-10,BATCH-2026-008,7,1951,0,88.19,502.75
2026-06-11,BATCH-2026-008,8,1950,1,95.08,554.88
2026-06-12,BATCH-2026-008,9,1950,0,102.01,612.84
2026-06-13,BATCH-2026-008,10,1950,0,108.95,676.74
2026-06-14,BATCH-2026-008,11,1950,0,115.88,746.91
2026-06-15,BATCH-2026-008,12,1946,4,130.54,808.92
2026-06-16,BATCH-2026-008,13,1946,0,129.48,905.32
2026-06-17,BATCH-2026-008,14,1944,2,136.26,994.57
2026-06-18,BATCH-2026-008,15,1943,1,143.09,1091.14
2026-06-19,BATCH-2026-008,16,1941,2,149.85,1193.86
2026-06-20,BATCH-2026-008,17,1941,0,156.75,1304.35
2026-06-21,BATCH-2026-008,18,1939,2,163.48,1419.66
2026-06-22,BATCH-2026-008,19,1939,0,170.37,1542.07
2026-06-23,BATCH-2026-008,20,1939,0,177.27,1669.58
2026-06-24,BATCH-2026-008,21,1939,0,184.16,1801.37
2026-06-25,BATCH-2026-008,22,1939,0,191.06,1936.49
2026-06-26,BATCH-2026-008,23,1938,1,197.85,2072.84
2026-06-27,BATCH-2026-008,24,1938,0,204.74,2211.34
2026-06-28,BATCH-2026-008,25,1933,5,223.79,2307.9
2026-06-29,BATCH-2026-008,26,1933,0,217.95,2480.77
2026-06-30,BATCH-2026-008,27,1932,1,224.71,2614.12
2026-07-01,BATCH-2026-008,28,1928,4,246.85,2689.13
2026-07-02,BATCH-2026-008,29,1928,0,237.95,2866.54
2026-07-03,BATCH-2026-008,30,1928,0,244.81,2988.26
2026-07-04,BATCH-2026-008,31,1925,3,251.27,3099.42
2026-07-05,BATCH-2026-008,32,1924,1,257.98,3207.33
2026-07-06,BATCH-2026-008,33,1924,0,264.82,3310.26
2026-07-07,BATCH-2026-008,34,1924,0,271.66,3406.39
2026-07-08,BATCH-2026-008,35,1924,0,278.5,3495.65
2026-07-09,BATCH-2026-008,36,1924,0,285.34,3578.06
2026-07-10,BATCH-2026-008,37,1924,0,292.18,3653.78
2026-07-11,BATCH-2026-008,38,1924,0,299.03,3723.01
2026-07-12,BATCH-2026-008,39,1924,0,305.87,3786.06
2026-07-13,BATCH-2026-008,40,1923,1,312.54,3841.25
2026-07-14,BATCH-2026-008,41,1916,7,328.63,3798.22
2026-07-15,BATCH-2026-008,42,1916,0,325.03,3925.12
2026-06-24,BATCH-2026-009,1,1108,0,26.15,164.2
2026-06-25,BATCH-2026-009,2,1108,0,30.04,179.94
2026-06-26,BATCH-2026-009,3,1106,2,33.87,197.25
2026-06-27,BATCH-2026-009,4,1106,0,37.76,217.03
2026-06-28,BATCH-2026-009,5,1105,1,41.61,238.93
2026-06-29,BATCH-2026-009,6,1100,5,48.9,255.01
2026-06-30,BATCH-2026-009,7,1098,2,49.07,289.19
2026-07-01,BATCH-2026-009,8,1098,0,52.93,319.46
2026-07-02,BATCH-2026-009,9,1098,0,56.78,352.95
2026-07-03,BATCH-2026-009,10,1098,0,60.64,389.87
2026-07-04,BATCH-2026-009,11,1097,1,64.44,430.02
2026-07-05,BATCH-2026-009,12,1097,0,68.3,474.32
2026-07-06,BATCH-2026-009,13,1097,0,72.16,522.54
2026-07-07,BATCH-2026-009,14,1097,0,76.01,574.76
2026-07-08,BATCH-2026-009,15,1095,2,79.72,629.86
2026-07-09,BATCH-2026-009,16,1094,1,83.49,689.34
2026-07-10,BATCH-2026-009,17,1092,2,87.18,751.86
2026-07-11,BATCH-2026-009,18,1091,1,90.93,818.53
2026-07-12,BATCH-2026-009,19,1091,0,94.77,889.21
2026-07-13,BATCH-2026-009,20,1088,3,98.33,960.18
2026-07-14,BATCH-2026-009,21,1088,0,102.16,1036.06
2026-07-15,BATCH-2026-009,22,1088,0,105.98,1113.86
2026-07-16,BATCH-2026-009,23,1088,0,109.8,1192.98
2026-07-17,BATCH-2026-009,24,1088,0,113.63,1272.77
2026-07-18,BATCH-2026-009,25,1087,1,117.34,1351.32
2026-07-19,BATCH-2026-009,26,1087,0,121.16,1430.36
2026-07-20,BATCH-2026-009,27,1087,0,124.98,1508.1
2026-07-21,BATCH-2026-009,28,1086,1,128.69,1582.45
2026-07-22,BATCH-2026-009,29,1086,0,132.5,1655.73
2026-07-23,BATCH-2026-009,30,1085,1,136.2,1724.5
2026-07-24,BATCH-2026-009,31,1079,6,145.72,1762.52
2026-07-25,BATCH-2026-009,32,1079,0,143.03,1844.6
2026-07-26,BATCH-2026-009,33,1079,0,146.82,1903.83
2026-07-27,BATCH-2026-009,34,1079,0,150.61,1959.16
2026-07-28,BATCH-2026-009,35,1077,2,154.12,2006.79
2026-07-29,BATCH-2026-009,36,1077,0,157.9,2054.13
2026-07-30,BATCH-2026-009,37,1077,0,161.69,2097.62
2026-07-31,BATCH-2026-009,38,1077,0,165.47,2137.39
2026-08-01,BATCH-2026-009,39,1077,0,169.26,2173.61
2026-08-02,BATCH-2026-009,40,1077,0,173.04,2206.46
2026-08-03,BATCH-2026-009,41,1076,1,176.67,2234.07
2026-08-04,BATCH-2026-009,42,1076,0,180.45,2260.8
2026-07-14,BATCH-2026-010,1,3931,1,90.85,587.69
2026-07-15,BATCH-2026-010,2,3931,0,104.38,644.21
2026-07-16,BATCH-2026-010,3,3928,3,117.82,707.14
2026-07-17,BATCH-2026-010,4,3927,1,131.31,778.02
2026-07-18,BATCH-2026-010,5,3927,0,144.83,857.5
2026-07-19,BATCH-2026-010,6,3927,0,158.35,946.2
2026-07-20,BATCH-2026-010,7,3927,0,171.86,1044.92
2026-07-21,BATCH-2026-010,8,3927,0,185.38,1154.49
2026-07-22,BATCH-2026-010,9,3927,0,198.9,1275.71
2026-07-23,BATCH-2026-010,10,3927,0,212.42,1409.35
2026-07-24,BATCH-2026-010,11,3926,1,225.88,1555.72
2026-07-25,BATCH-2026-010,12,3925,1,239.33,1715.75
2026-07-26,BATCH-2026-010,13,3925,0,252.84,1890.36
2026-07-27,BATCH-2026-010,14,3924,1,266.28,2078.93
2026-07-28,BATCH-2026-010,15,3923,1,279.72,2281.97
2026-07-29,BATCH-2026-010,16,3923,0,293.22,2499.95
2026-07-30,BATCH-2026-010,17,3923,0,306.73,2731.87
2026-07-31,BATCH-2026-010,18,3921,2,320.07,2975.47
2026-08-01,BATCH-2026-010,19,3921,0,333.56,3232.56
2026-08-02,BATCH-2026-010,20,3920,1,346.97,3499.46
2026-08-03,BATCH-2026-010,21,3920,0,360.46,3776.17
2026-08-04,BATCH-2026-010,22,3918,2,373.77,4057.81
2026-08-05,BATCH-2026-010,23,3918,0,387.25,4346.18
2026-08-06,BATCH-2026-010,24,3918,0,400.74,4636.98
2026-08-07,BATCH-2026-010,25,3918,0,414.23,4927.79
2026-08-08,BATCH-2026-010,26,3916,2,456.25,5152.04
2026-08-09,BATCH-2026-010,27,3915,1,440.86,5495.52
2026-08-10,BATCH-2026-010,28,3914,1,454.22,5770.4
2026-08-11,BATCH-2026-010,29,3913,1,467.57,6036.17
2026-08-12,BATCH-2026-010,30,3913,0,481.04,6292.73
2026-08-13,BATCH-2026-010,31,3912,1,494.39,6535.55
2026-08-14,BATCH-2026-010,32,3911,1,507.72,6765.1
2026-08-15,BATCH-2026-010,33,3911,0,521.18,6982.4
2026-08-16,BATCH-2026-010,34,3911,0,534.65,7185.36
2026-08-17,BATCH-2026-010,35,3911,0,548.11,7373.78
2026-08-18,BATCH-2026-010,36,3911,0,561.57,7547.77
2026-08-19,BATCH-2026-010,37,3911,0,575.03,7707.62
2026-08-20,BATCH-2026-010,38,3911,0,588.5,7853.79
2026-08-21,BATCH-2026-010,39,3909,2,601.65,7982.8
2026-08-22,BATCH-2026-010,40,3909,0,615.11,8103.47
2026-08-23,BATCH-2026-010,41,3909,0,628.56,8212.54
2026-08-24,BATCH-2026-010,42,3907,2,641.69,8306.55
2026-08-03,BATCH-2026-011,1,3231,1,79.5,471.21
2026-08-04,BATCH-2026-011,2,3231,0,91.34,520.02
2026-08-05,BATCH-2026-011,3,3231,0,103.18,575.38
2026-08-06,BATCH-2026-011,4,3230,1,114.99,637.84
2026-08-07,BATCH-2026-011,5,3229,1,126.78,708.37
2026-08-08,BATCH-2026-011,6,3229,0,138.62,788.04
2026-08-09,BATCH-2026-011,7,3229,0,150.45,877.52
2026-08-10,BATCH-2026-011,8,3229,0,162.28,977.71
2026-08-11,BATCH-2026-011,9,3229,0,174.12,1089.48
2026-08-12,BATCH-2026-011,10,3228,1,185.89,1213.3
2026-08-13,BATCH-2026-011,11,3227,1,197.66,1350.21
2026-08-14,BATCH-2026-011,12,3226,1,209.42,1500.85
2026-08-15,BATCH-2026-011,13,3226,0,221.24,1666.22
2026-08-16,BATCH-2026-011,14,3225,1,232.99,1845.6
2026-08-17,BATCH-2026-011,15,3225,0,244.81,2040.1
2026-08-18,BATCH-2026-011,16,3224,1,256.55,2248.22
2026-08-19,BATCH-2026-011,17,3219,5,279.13,2398.55
2026-08-20,BATCH-2026-011,18,3219,0,279.74,2701.59
2026-08-21,BATCH-2026-011,19,3219,0,291.54,2947.66
2026-08-22,BATCH-2026-011,20,3218,1,303.24,3202.31
2026-08-23,BATCH-2026-011,21,3218,0,315.04,3465.37
2026-08-24,BATCH-2026-011,22,3216,2,326.63,3731.28
2026-08-25,BATCH-2026-011,23,3215,1,338.31,4000.72
2026-08-26,BATCH-2026-011,24,3213,2,349.87,4268.67
2026-08-27,BATCH-2026-011,25,3212,1,361.53,4535.07
2026-08-28,BATCH-2026-011,26,3212,0,373.3,4797.64
2026-08-29,BATCH-2026-011,27,3212,0,385.07,5052.73
2026-08-30,BATCH-2026-011,28,3212,0,396.84,5298.26
2026-08-31,BATCH-2026-011,29,3211,1,408.49,5530.8
2026-09-01,BATCH-2026-011,30,3211,0,420.26,5752.34
2026-09-02,BATCH-2026-011,31,3209,2,431.75,5956.54
2026-09-03,BATCH-2026-011,32,3209,0,443.51,6150.07
2026-09-04,BATCH-2026-011,33,3208,1,455.13,6327.1
2026-09-05,BATCH-2026-011,34,3208,0,466.89,6491.55
2026-09-06,BATCH-2026-011,35,3205,3,478.2,6635.56
2026-09-07,BATCH-2026-011,36,3205,0,489.94,6771.91
2026-09-08,BATCH-2026-011,37,3205,0,501.69,6895.17
2026-09-09,BATCH-2026-011,38,3204,1,513.27,7003.93
2026-09-10,BATCH-2026-011,39,3203,1,524.85,7101.12
2026-09-11,BATCH-2026-011,40,3203,0,536.59,7189.89
2026-09-12,BATCH-2026-011,41,3200,3,547.81,7262.11
2026-09-13,BATCH-2026-011,42,3200,0,559.54,7332.19
2026-08-23,BATCH-2026-012,1,2839,0,69.83,408.57
2026-08-24,BATCH-2026-012,2,2838,1,80.2,447.15
2026-08-25,BATCH-2026-012,3,2838,0,90.6,490.63
2026-08-26,BATCH-2026-012,4,2838,0,100.99,539.36
2026-08-27,BATCH-2026-012,5,2838,0,111.39,593.87
2026-08-28,BATCH-2026-012,6,2838,0,121.79,654.7
2026-08-29,BATCH-2026-012,7,2838,0,132.18,722.4
2026-08-30,BATCH-2026-012,8,2838,0,142.58,797.54
2026-08-31,BATCH-2026-012,9,2837,1,152.92,880.37
2026-09-01,BATCH-2026-012,10,2836,1,163.26,971.64
2026-09-02,BATCH-2026-012,11,2830,6,182.17,1055.99
2026-09-03,BATCH-2026-012,12,2830,0,183.64,1179.72
2026-09-04,BATCH-2026-012,13,2830,0,194.01,1299.19
2026-09-05,BATCH-2026-012,14,2830,0,204.38,1428.58
2026-09-06,BATCH-2026-012,15,2830,0,214.75,1567.94
2026-09-07,BATCH-2026-012,16,2830,0,225.11,1717.16
2026-09-08,BATCH-2026-012,17,2830,0,235.48,1875.92
2026-09-09,BATCH-2026-012,18,2830,0,245.85,2043.72
2026-09-10,BATCH-2026-012,19,2830,0,256.21,2219.81
2026-09-11,BATCH-2026-012,20,2830,0,266.58,2403.22
2026-09-12,BATCH-2026-012,21,2828,2,276.75,2590.96
2026-09-13,BATCH-2026-012,22,2826,2,286.91,2783.22
2026-09-14,BATCH-2026-012,23,2824,2,297.05,2978.49
2026-09-15,BATCH-2026-012,24,2823,1,307.29,3176.27
2026-09-16,BATCH-2026-012,25,2822,1,317.52,3373.92
2026-09-17,BATCH-2026-012,26,2822,0,327.85,3571.02
2026-09-18,BATCH-2026-012,27,2819,3,337.83,3760.83
2026-09-19,BATCH-2026-012,28,2819,0,348.16,3949.67
2026-09-20,BATCH-2026-012,29,2819,0,358.48,4132.37
2026-09-21,BATCH-2026-012,30,2818,1,368.68,4306.24
2026-09-22,BATCH-2026-012,31,2818,0,379.0,4473.33
2026-09-23,BATCH-2026-012,32,2815,3,388.91,4626.49
2026-09-24,BATCH-2026-012,33,2814,1,399.08,4773.22
2026-09-25,BATCH-2026-012,34,2812,2,409.1,4908.3
2026-09-26,BATCH-2026-012,35,2812,0,419.4,5036.87
2026-09-27,BATCH-2026-012,36,2812,0,429.7,5155.58
2026-09-28,BATCH-2026-012,37,2812,0,440.0,5264.64
2026-09-29,BATCH-2026-012,38,2812,0,450.3,5364.37
2026-09-30,BATCH-2026-012,39,2812,0,460.61,5455.19
2026-10-01,BATCH-2026-012,40,2812,0,470.91,5537.56
2026-10-02,BATCH-2026-012,41,2812,0,481.21,5612.01
2026-10-03,BATCH-2026-012,42,2812,0,491.51,5679.1
