expense_date,batch_id,expense_category,cost_naira
2026-02-19,BATCH-2026-001,Miscellaneous,30105.0
2026-02-01,BATCH-2026-001,Feed Purchase,5003985.78
2026-02-03,BATCH-2026-001,Feed Purchase,4538677.73
2026-01-15,BATCH-2026-001,Labor,96009.0
2026-02-20,BATCH-2026-001,Medication & Vaccines,857653.31
2026-01-24,BATCH-2026-001,Utility (Power/Water),34560.0
2026-03-09,BATCH-2026-002,Feed Purchase,4955527.73
2026-03-05,BATCH-2026-002,Medication & Vaccines,757419.68
2026-02-27,BATCH-2026-002,Labor,70631.0
2026-02-24,BATCH-2026-002,Labor,144581.0
2026-02-09,BATCH-2026-002,Miscellaneous,29537.0
2026-03-15,BATCH-2026-002,Feed Purchase,5032822.82
2026-03-23,BATCH-2026-003,Feed Purchase,2453041.45
2026-03-24,BATCH-2026-003,Utility (Power/Water),69785.0
2026-03-09,BATCH-2026-003,Utility (Power/Water),47902.0
2026-03-18,BATCH-2026-003,Miscellaneous,13729.0
2026-04-22,BATCH-2026-004,Feed Purchase,1823378.02
2026-04-04,BATCH-2026-004,Utility (Power/Water),64533.0
2026-04-23,BATCH-2026-004,Feed Purchase,1796674.7
2026-04-04,BATCH-2026-004,Feed Purchase,1706072.39
2026-04-01,BATCH-2026-004,Medication & Vaccines,321736.9
2026-04-05,BATCH-2026-005,Labor,65726.0
2026-05-02,BATCH-2026-005,Utility (Power/Water),78956.0
2026-05-09,BATCH-2026-005,Medication & Vaccines,758223.03
2026-04-27,BATCH-2026-005,Medication & Vaccines,930922.1
2026-04-07,BATCH-2026-005,Feed Purchase,6139190.77
2026-04-29,BATCH-2026-006,Feed Purchase,4573032.01
2026-05-22,BATCH-2026-006,Labor,125465.0
2026-06-04,BATCH-2026-006,Miscellaneous,23252.0
2026-05-02,BATCH-2026-006,Utility (Power/Water),48973.0
2026-05-15,BATCH-2026-006,Utility (Power/Water),31366.0
2026-06-07,BATCH-2026-007,Miscellaneous,25076.0
2026-05-21,BATCH-2026-007,Feed Purchase,1493397.19
2026-06-09,BATCH-2026-007,Medication & Vaccines,217182.91
2026-06-09,BATCH-2026-007,Miscellaneous,12577.0
2026-06-25,BATCH-2026-008,Labor,79041.0
2026-07-14,BATCH-2026-008,Medication & Vaccines,307709.25
2026-06-16,BATCH-2026-008,Feed Purchase,2653122.18
2026-06-13,BATCH-2026-008,Labor,96019.0
2026-06-20,BATCH-2026-008,Medication & Vaccines,312867.44
2026-06-28,BATCH-2026-009,Medication & Vaccines,232945.81
2026-08-03,BATCH-2026-009,Medication & Vaccines,271603.17
2026-07-30,BATCH-2026-009,Utility (Power/Water),60405.0
2026-07-30,BATCH-2026-009,Miscellaneous,24709.0
2026-08-23,BATCH-2026-010,Miscellaneous,20590.0
2026-08-11,BATCH-2026-010,Labor,69786.0
2026-08-23,BATCH-2026-010,Feed Purchase,5271539.31
2026-08-20,BATCH-2026-010,Labor,86002.0
2026-07-18,BATCH-2026-010,Feed Purchase,5133551.05
2026-08-11,BATCH-2026-010,Labor,110521.0
2026-08-21,BATCH-2026-011,Feed Purchase,4235927.98
2026-08-08,BATCH-2026-011,Feed Purchase,4503468.61
2026-09-04,BATCH-2026-011,Miscellaneous,29466.0
2026-09-09,BATCH-2026-011,Utility (Power/Water),60324.0
2026-09-28,BATCH-2026-012,Feed Purchase,3789838.2
2026-09-22,BATCH-2026-012,Medication & Vaccines,517131.45
2026-08-26,BATCH-2026-012,Miscellaneous,14943.0
2026-09-13,BATCH-2026-012,Utility (Power/Water),36783.0
2026-09-03,BATCH-2026-012,Feed Purchase,3836524.38
2026-09-20,BATCH-2026-012,Feed Purchase,3617803.33
